<?xml version="1.0" encoding="UTF-8" ?>
<!DOCTYPE log4j:configuration SYSTEM "log4j.dtd"> 

<log4j:configuration xmlns:log4j="http://jakarta.apache.org/log4j/">

  <!-- APPENDERS -->
  <!-- Verbose file appenders.
  	   Log, among other things, class name, method name and line number where logging is coming from. -->	  
         
  <appender name="verboseFileAppender" class="org.apache.log4j.FileAppender">
    <param name="File" value="/YOURLOGDIR/vlj.log"/>
    <layout class="org.apache.log4j.PatternLayout">
    	<param name="ConversionPattern" value="%-4r %d{ISO8601} [%t] %-5p %C:%M:%L - %m%n"/>
    </layout>
  </appender>

  <appender name="verboseRollingFileAppender" class="org.apache.log4j.RollingFileAppender">
    <param name="File" value="/YOURLOGDIR/vlj.log"/>
    <param name="MaxFileSize" value="5MB"/>
    <layout class="org.apache.log4j.PatternLayout">
    	<param name="ConversionPattern" value="%-4r %d{ISO8601} [%t] %-5p %C:%M:%L - %m%n"/>
    </layout>
  </appender>

  <appender name="verboseDailyRollingFileAppender" class="org.apache.log4j.DailyRollingFileAppender">
    <param name="File" value="/YOURLOGDIR/vlj.log"/>
    <param name="DatePattern" value="'.'yyyy-MM-dd"/>
    <layout class="org.apache.log4j.PatternLayout">
    	<param name="ConversionPattern" value="%-4r %d{ISO8601} [%t] %-5p %C:%M:%L - %m%n"/>
    </layout>
  </appender>


  <!-- LOGGERS -->
  <!-- DEBUG-level loggers for VistaLink packages, override ROOT logger level
       in production, usually turn on DEBUG level logging for troubleshooting specific problems only -->

  <logger name="gov.va.med.vistalink.adapter.spi.VistaLinkManagedConnectionFactory" additivity="false" >
        <level value="debug" />
    	<appender-ref ref="verboseDailyRollingFileAppender"/>
  </logger>

  <logger name="gov.va.med.vistalink.adapter.spi.VistaLinkManagedConnection" additivity="false" >
        <level value="debug" />
    	<appender-ref ref="verboseDailyRollingFileAppender"/>
  </logger>

  <logger name="gov.va.med.vistalink.adapter.spi.ConfigurationReader" additivity="false" >
        <level value="debug" />
    	<appender-ref ref="verboseDailyRollingFileAppender"/>
  </logger>

  <logger name="gov.va.med.vistalink.adapter.spi.ConnectorConfigurator" additivity="false" >
        <level value="debug" />
    	<appender-ref ref="verboseDailyRollingFileAppender"/>
  </logger>

  <logger name="gov.va.med.vistalink.adapter.cci.VistaLinkConnectionFactory" additivity="false" >
        <level value="debug" />
    	<appender-ref ref="verboseDailyRollingFileAppender"/>
  </logger>

  <logger name="gov.va.med.vistalink.institution.InstitutionMapping" additivity="false" >
        <level value="debug" />
    	<appender-ref ref="verboseDailyRollingFileAppender"/>
  </logger>

  <logger name="gov.va.med.vistalink.institution.InstitutionMappingFactory" additivity="false" >
        <level value="debug" />
    	<appender-ref ref="verboseDailyRollingFileAppender"/>
  </logger>

  <logger name="gov.va.med.vistalink.security.KernelSecurityHandshakeManaged" additivity="false" >
        <level value="debug" />
    	<appender-ref ref="verboseDailyRollingFileAppender"/>
  </logger>

  <!-- INFO-level logger: turn on to record timing audit information -->
       
  <logger name="gov.va.med.monitor.time.AuditTimer" additivity="false" >
        <level value="info" />
    	<appender-ref ref="verboseDailyRollingFileAppender"/>
  </logger>

  <!-- ROOT level logger: usually good to log all ERROR-level entries regardless of source -->
  <root>
        <level value="error" />
    	<appender-ref ref="verboseDailyRollingFileAppender"/>
  </root>

</log4j:configuration>
